name,address
20 Palli Sarbojanin Durgotsab,North Kolkata
21 Palli,"17 Bondel Rd Ballygunge, Kolkata"
22 Palli,"17 Priyanath Mallick Rd Bakul Bagan, Kolkata"
22 Pally Club,"Bhawanipore, Kolkata"
22 Pally Sarodotsav (Northern Park),"Padmapukur, Kolkata"
23 Pally Durga Mandir Society,"Bhawanipore, Kolkata"
24 Palli Udayan Sangha,"16 Haralal Das St Entally, Kolkata"
25 Palli,"10 Gopal Ghosh Lane, Kolkata"
26 Palli,"22/1B Mohan Chandra Rd, Kolkata"
2er Pally Sarbojanin Durgotsab Committee,"Ahiritola, Kolkata"
37 Palli,"10 Dr Kartik Bose St, Kolkata"
37 Palli Sarbojanin Durgotsav,"Sealdah, Kolkata"
59 No. Howrah Maidan Sarbojanin Durga Puja,"engal theme in Howrah Maidan, Howrah"
66 Pally,"9/5A/1, Nepal Bhattacharya St, Kalighat, Kolkata"
68 Pally Durga Puja,"Bhawanipore, Kolkata"
74 Palli,"5B Monilal Banerjee Rd, Kolkata"
75 Palli,"1/1C Debendra Ghosh Rd Bhowanipore, Kolkata"
75 Palli (Port),"11C Ramanath Pal Rd Kidderpore, Kolkata"
76 Palli Club,"Bhowanipore, Kolkata"
78 Palli,"4/4 Aftab Mosque Lane Alipore, Kolkata"
9 Palli Sarbajanin Durgatsab,"Shobhabazar, Kolkata"
95 Palli,"70A Rahim Ostagar Rd Jodhpur Park, Kolkata"
Abasar Sarbojanin Durgotsab Samity,"Bhawanipore, Kolkata"
Acharya Prafulla Sangha,"Behala, Kolkata"
Adarsha Nagar Jagrata Sangha Club,"Behala, Kolkata"
Adarsha Pally,"Behala, Kolkata"
Adhibasibrinda - Kanai Dhar Lane,"Sealdah, Kolkata"
Adi Ballygunge Club,"Ballygunge, Kolkata"
Adi Ballygunge Sarbojanin,"41P Palm Ave Ballygunge Park, Kolkata"
Adi Naktala Sarbojanin Durgotsav Committee,"Naktala, Kolkata"
"Agnibina Sangha, Ajoynagar","Ajoynagar, Kolkata"
Agradut 76 Palli,"27 Dhirendranath Ghosh Rd Bhowanipore, Kolkata"
Agradut Udaya Sangha,"Bhowanipore, Kolkata"
Ahiritola Jubak Brinda,"83 Ahiritola St, Kolkata"
Ahiritola Jubak Brinda Durgapuja,"Ahiritola, Kolkata"
Ahiritola Sarbojonin Durgotsab Samity,North Kolkata
Aikatan Bhawanipore,"Bhawanipore, Kolkata"
Aikyatan Club Sarbojonin Durgotsav,"Kasba, Kolkata"
Ajeyo Sanghati,"47 Mahatma Gandhi Rd Haridevpur, Kolkata"
Akrur Dutta Durga Puja,"Sealdah, Kolkata"
Alipore 78 Pally Club,"Alipore, Kolkata"
Alipore Sarbojanin,"Alipore, Kolkata"
Alpha Atheletic Association,"Machuabazar, Kolkata"
Amardeep Sangha,"Paschim Putiary, Kolkata"
Amarendra Bhavan Durga Puja (Roy House Puja),"Behala, Kolkata"
"Amra Kajan Kalyan Samiti, Rajdanga","Kasba, Kolkata"
Annapurna Club,"Kadam Tala, Kolkata"
Arjunpur Amra Sabai Club,South-West Kolkata
Atghara Noapara Baroary,"New Town, Kolkata"
Avijatri Club,"Garfa, Kolkata"
B.K. Pal Park,"Shobhabazar, Kolkata"
Badamtala Ashar Sangha,"18-17, Nepal Bhattacharya St, Kalighat, Kolkata"
Badan Chand Roy Bari,"Sealdah, Kolkata"
Bagbazar Palli Durga Pujo,"Bagbazar, Kolkata"
Bagbazar Pally Puja,"Girish Ave Sovabazar, Kolkata"
Bagbazar Sarbojanin,"78 Bagbazar St, Kolkata"
Bagbazar Sarbojanin Durgotsav,North Kolkata
Baghajatin,"Chittaranjan Colony 6, Kolkata"
Baghajatin B&C Block Durga Puja,"Baghajatin, Kolkata"
Baghajatin Maitri Sansad,"Baghajatin, Kolkata"
Baghajatin Tarun Sangha,"Baghajatin, Kolkata"
Baghbazar Haldar Bari er Pujo,"17/1 Kaliprasad Chakraborty St, Baghbazar, Kolkata 700003"
Baghbazar Haldar Bari Puja,"Bagbazar, Kolkata"
Baishnab Ghata Patuli,"Block E Baishnabghata Patuli Twp, Kolkata"
Baishnabdas Mallick Bari Durga Puja,"Jorabagan, Kolkata"
Baishnabghata Yatra Shuru Sangha,"Garia, Kolkata"
Bakshi Bagan Club,"Behala, Kolkata"
Bakul Bagan Sarbojanin,"1A Rajshekhar Bose Sarani, Kolkata"
Bakul Bagan Sarbojanin Durgotsav,"Bhawanipore, Kolkata"
Ballygunge 21 Pally,"Ballygunge, Kolkata"
Ballygunge Cultural,"20 Lake View Rd, Kolkata"
Ballygunge Purba Pally,"Ballygunge, Kolkata"
Bandhudal Club,"Behala, Kolkata"
Bangur Avenue Pratirodh Bahini,"Lake Town, Kolkata"
Barisha 22 Pally Sarbojanin Durgotsab,"Behala, Kolkata"
Barisha Club,"Behala, Kolkata"
Barisha Ekta Sangha Club,"Behala, Kolkata"
Barisha Janakalyan Sangha,"Behala, Kolkata"
Barisha Kumarpara Youngs' Club,"Behala, Kolkata"
Barisha Netaji Sangha,"Behala, Kolkata"
Barisha Player's Corner,"Behala, Kolkata"
Barisha Sabuj Sangha,"Behala, Kolkata"
Barisha Sarbojonin,"Behala, Kolkata"
Barisha Shakti Sangha,"Behala, Kolkata"
Barisha Tapoban Club,"Behala, Kolkata"
Barisha Tarun Tirtha,"Behala, Kolkata"
Barisha Udayan Pally,"Behala, Kolkata"
Barisha Youth Club,"Behala, Kolkata"
Barisha Yuva Brinda,"13 Biren Roy Road W, Kolkata"
Basakbagan Sarbojanin Durgotsab,"South Dum Dum, Kolkata"
Basudevpur Pally Unnayan Samity,"Behala, Kolkata"
Beadon Street Sarbojanin Durgotsav,"Maniktala, Kolkata"
Beha Jagatram Mukherjee Durga Puja (Sonar Durga),"Behala, Kolkata"
Behala 11 Pally Club,"Behala, Kolkata"
Behala 29 Palli,"New Alipore, Kolkata"
Behala Aikya Sammilani,"Chamrapatti Behala, Kolkata"
Behala Arcadia Sarbojanin,"Behala, Kolkata"
Behala Arunoday Samity,"Behala, Kolkata"
Behala Bakultala Netaji Sangha,"Behala, Kolkata"
Behala Brahmo Samaj,"Behala, Kolkata"
Behala Buroshibtola Janakalyan Sangha,"Behala, Kolkata"
Behala Club Sarbojanin Durgotsav Committee,"Behala, Kolkata"
Behala Friends' Club,"Behala, Kolkata"
Behala Natun Dal,"12/2 Auddy Bagan Basti Behala, Kolkata"
Behala Natun Sangha,"Behala, Kolkata"
Behala Nutan Dal,"Behala, Kolkata"
Behala Santi Sangha,"Behala, Kolkata"
Behala Shree Sangha,"James Long Sarani Bhairabitala Behala, Kolkata"
Behala Sree Sangha,"Behala, Kolkata"
Behala Trishakti Sangha,"Behala, Kolkata"
Behala Uttor Halder Para Club,"Behala, Kolkata"
Behala Young,"19 SN Roy Rd Sahapur, Kolkata"
Behala Young Mens Association,"New Alipore, Kolkata"
Belgachia Olaichandi,"97 Khudiram Bose Rd Belgachia, Kolkata"
Belgachia Sadharan,"Tala Belgachia, Kolkata"
Belgachia Sadharon Durgotsav,North Kolkata
Belgachia Yuba Sammilani,"Belgachia, Kolkata"
Beltala Road Shakti Sangha,"Bhawanipore, Kolkata"
Beniatola Sarbojonin Durgotsab,"Shobhabazar, Kolkata"
Bhadreswar Sarbojanin Durga Puja,Bhadreswar
Bhagabati Park Durga Puja Committee,"Nagerbazar, Kolkata"
Bhawanipur Kishor Sangha,"Bhowanipore, Kolkata"
"Bholanath Dham, Dutta Bari","Maniktala, Kolkata"
Bhowanipur 75 Palli,"Bhowanipore, Kolkata"
Bhowanipur Durgotsav,"Chandra Nath Chatterjee St, Kolkata"
Bhowanipur Muktadal,"Bhawanipore, Kolkata"
Bhowanipur Sarbojanin Durgotsav,"Bhowanipore, Kolkata"
Bhowanipur Swadhin Sangha,"Bhowanipore, Kolkata"
Bidhan Nagar (S) Athletics Club,"Tiljala, Kolkata"
Bidhan Sarani Atlas Club,"Shyambazar, Kolkata"
Bijoygarh Bharat Mata,"Jadavpur, Kolkata"
Boral Sukanta Sangha,"Sukanta Pally, Lakepally Rd, Boral, Kolkata"
Bose Pukur Parijat Club,"Kasba, Kolkata"
Bosepukur Sitala Mandir,South Kolkata
Bosepukur Talbagan Sarbojanin Durga Puja,"Kasba, Kolkata"
Brahmapur Sanmilani Sangha,"Rajpur Sonarpur, Kolkata"
Brindabon Matri Mandir,"Machuabazar, Kolkata"
Chakraberia Sarbojanin,"Chakraberia Road N Paddapukur, Kolkata"
Chakraberia Sarbojanin Durgotsav,"Padmapukur, Kolkata"
Chalta Bagan,"159D Vivekananda Rd Manicktala, Kolkata"
Chaltabagan Sarbojanin Durgotsab Committee,"Maniktala, Kolkata"
Chandannagar Central Durga Puja,Chandannagar
Chandannagar Strand Road Durga Puja,Chandannagar
Chandra Family's Durga Pujo,"Sealdah, Kolkata"
Chandranath Chatterjee Street Sarbojanin,"Bhowanipore, Kolkata"
Charu Avenue Nabapalli Sangha,"Tollygunge, Kolkata"
Chatushkone Park Saradia Sammilani,"Kalighat, Kolkata"
Chetla Agrani,"27/B Jainuddin Mistry Ln Chetla, Kolkata"
Chetla Agrani Club,South Kolkata
Chetla Sarbasadharaner Durgotsab,"Chetla, Kolkata"
Chhatu Babu Latu Babu Thakur Bari,"Shobhabazar, Kolkata"
Chittaranjan Sangha,"Jadavpur, Kolkata"
Chorbagan Chatterjee Bari,"Sealdah, Kolkata"
Chorbagan Mitra Bari,"Sealdah, Kolkata"
Chorbagan Sil's Thakurbari,"Jorasanko, Kolkata"
Chorebagan Sarbojanin,"Radha Madhab Saha Ln Simla, Kolkata"
Chorebagan Sarbojonin,"Sealdah, Kolkata"
College Square,"College St, Kolkata"
College Square Sarbojanin Durgotsab,Central Kolkata
Cossipore Naba Yubak Sangha,"Rustam Ji Parsi Rd, Cossipore, Kolkata"
Dadabhai Sporting Club Babupara,"ra, Siliguri"
Dakshin Buincha Sarbojanin,"Phulia, West Bengal"
Dakshin Kolkata Sarbojonin Durgotsob,"Padmapukur, Kolkata"
Dakshin Kolkata Tarun Samity,"Kalighat, Kolkata"
Dakshindari Youth Forum,"Lake Town, Kolkata"
Dakshinpara Durgotsab Committee,"Baguiati, Kolkata"
Darjipara Mitra Bari,"Shobhabazar, Kolkata"
Darjipara Sarbojanin Durgotsab,"Shobhabazar, Kolkata"
Darpanarayan Sarbojanin Durga Puja,"Jorabagan, Kolkata"
Debdaru Fatak Sarbojanin Durgotsav,"Behala, Kolkata"
Deshapriya Park,"Motilal Nehru Rd, Manoharpukur, Kalighat, Kolkata"
Deshbandhupara Subrata Sangha Durga Puja,"ndhupara, Siliguri"
Dum Dum Park Bharat Chakra,North-East Kolkata
Dum Dum Park Sarbojanin,"225/1, Dum Dum Park, South Dumdum, Kolkata"
Dum Dum Park Sarbojanin Durga Puja Samity,"South Dum Dum, Kolkata"
Dum Dum Park Tarun Dal,"South Dum Dum, Kolkata"
Dum Dum Park Tarun Sangha,North-East Kolkata
Dum Dum Park Yubak Brinda,"South Dum Dum, Kolkata"
Durga Puja 4 Ghosh Lane,"Maniktala, Kolkata"
Dutta Bari Durga Pujo,"Girish Park, Kolkata"
East Balia Sarbojanin Durga Puja,"Garia, Kolkata"
Ekdalia Evergreen,"15 Ekdalia Rd, Kolkata"
Ekdalia Evergreen Club,South Kolkata
Elachi Ramchandrapur Milan Sangha,"Rajpur Sonarpur, Kolkata"
Entally 14 pally Udayan Sangha,"Entally, Kolkata"
Entally Matribhoomi,"Entally, Kolkata"
Falguni Sangha,"Gariahat, Kolkata"
Forward Club,"27/B Kalidas Patitundi Ln Kalighat, Kolkata"
Friends' Union,"9 Bhabnath Sen St, Kolkata"
Garfa Sarbojanin Durgotsav,"Garfa, Kolkata"
Garia Naba Durga,"Garia, Kolkata"
Garia Pancha Durga,"New Garia, Kolkata"
Garia Park Sarbojanin Durgotsav,"Garia, Kolkata"
Garpar Matri Mandir,"16, Brindaban Mullick 1st Ln, Manicktala, Kolkata"
Ghasbagan Sporting Club,"Mali Panchghara, Kolkata"
Goabagan Sarbojanin Durgotsav Samiti,"Maniktala, Kolkata"
Goabagan Sarodatsav Sammilani,"Maniktala, Kolkata"
Golaghata Sammelani Club,"Lake Town, Kolkata"
Golf Green Phase 1 Durgotsab Puja Committee,"Golf Green, Kolkata"
Golf Green Phase II Durga Puja,"Golf Green, Kolkata"
Golf Green Sarodotsab,"LIG 1/2 Golf Green, Kolkata"
Golmath Durga Puja Samity,"Bhawanipore, Kolkata"
Gouribari Sarbojanin,"4 Gouri Bari Ln Manicktala, Kolkata"
Gouriberia Sarbojanin Durgotsab,"CIT Park, Kolkata"
Greenpark Sarbojonin Durgotsob,"Narendrapur, Kolkata"
Grey Street Sarbojanin Durgotsab Committee,"Shobhabazar, Kolkata"
GTS Club Hakimpara Durga Puja,"ara, Siliguri"
Haiderpara Sporting Club Durga Puja,"para, Siliguri"
Halder Bagan Sarbojanin Durgotsab Committee,"Shyambazar, Kolkata"
Halsibagan Durga Puja,"Maniktala, Kolkata"
Haltu Nandibagan Sarbojanin,"Haltu Nandibagan, Kolkata"
Hari Ghosh Lane,"Hari Ghosh St Manicktala, Kolkata"
Hari Ghosh Street Sarbojanin Durgotsab Samity,"Maniktala, Kolkata"
Haridevpur 41 Pally Club,South Kolkata
Haridevpur Adarsha Samiti Club,"Haridevpur, Kolkata"
Haridevpur Ajeya Sanghati,"Haridevpur, Kolkata"
Haridevpur Nabinsathi Club,"Haridevpur, Kolkata"
Haridevpur New Sporting Club,"Haridevpur, Kolkata"
Haridevpur Vivekananda Sporting Club,"Haridevpur, Kolkata"
Harijan Kalyan Sangh,"Ballygunge, Kolkata"
Harinath Mukherjee Bari,"Machuabazar, Kolkata"
Harish Park,"Bhowanipore, Kolkata"
Haritaki Bagan Sarbojonin Durgotsab,"Maniktala, Kolkata"
Hathkhola Dutta Bari,"Ahiritola, Kolkata"
Hathkhola Dutta Barir Durga Pujo,"78 Nimtala Ghat St, Kolkata 700005"
Hatibagan Nabin Pally Durga Puja,"Hatibagan, Kolkata"
Hatibagan Sarbojonin,"Hatibagan, Kolkata"
Hatkhola Gosaipara Sarbojonin Durgotsab,"Shobhabazar, Kolkata"
Hazra Park Durgotsab,"Jatin Das Park, Patuapara, Bhowanipore, Kolkata"
Hazra Park Sarbojanin,"Hazra, Kolkata"
Hindustan Club,"37/B, Hindustan Rd, Dover Terrace, Ballygunge, Kolkata"
Hindusthan Park Sarbojonin,"51/1 Gol Park Dhakuria, Kolkata"
Hossenpur Sarbajanin Durgoutsav,"Anandapur, Kolkata"
Howrah Maidan Barowari Durga Puja,"lture theme in Howrah Maidan, Howrah"
Howrah Maidan Kalibari Durga Puja,"onal Art theme in Howrah Maidan, Howrah"
Howrah Maidan Mitra Mandir Durga Puja,"mpowerment theme in Howrah Maidan, Howrah"
Howrah Maidan Sarbojanin Durgotsab,"mpowerment theme in Howrah Maidan, Howrah"
Howrah Maidan Udayan Sangha,"Architecture theme in Howrah Maidan, Howrah"
Howrah Maidan Young Boys Club,"al Harmony theme in Howrah Maidan, Howrah"
Howrah Sarat Sadan,"Heritage theme in Howrah Maidan, Howrah"
Hurumtaal Park,"Garfa, Kolkata"
Jagat Mukherjee Park,"Shobhabazar, Kolkata"
Jagrata Sangha,"South Dum Dum, Kolkata"
Jagritee Durga Puja Bhowanipur,"Bhowanipore, Kolkata"
Jayasree Park Sarbojanin Samiti,"Behala, Kolkata"
Jhamapukur Sarbojanin Durgotsav,"Machuabazar, Kolkata"
Jodhpur Park,"1D Jodhpur Park, Kolkata"
Joka Diamond Park Sarbojanin Durgotsab,"Joka, Kolkata"
Jorabagan Chhatra sanghati,"Jorabagan, Kolkata"
Jorasanko 7 Palli Sarbojonin Durga Puja,"Jorasanko, Kolkata"
Jorasanko Sadharan Durgotsab Samiti,"34 Vivekananda Rd Jorasanko, Kolkata"
Jorasanko Sadharan Durgotsav Samity,"Jorasanko, Kolkata"
Joyrampur Sarbojanin Durga Puja Committee,"Behala, Kolkata"
Kabitirtha Saradotsav,"13/1 Ram Kamal St, Kolkata"
Kabitirthey Sarodotsab Durga Puja,"Khidderpore, Kolkata"
Kacharipara Durga Sporting Club,"Tangra, Kolkata"
Kalighat Kishore Sangha,"Kalighat, Kolkata"
Kalighat Milan Sangha,"Kalighat, Kolkata"
Kalighat Sree Sangha,"Kalighat, Kolkata"
Kalighat Yuba Maitry,"Kalighat, Kolkata"
Kalitala Sporting Club,"Kalikapur, Kolkata"
Kalyan Sangha,"Ballygunge, Kolkata"
Kalyani ITI More Luminos Club,Kalyani
Kamdahari Subhash Pally Sarbojanin Durgotsab,"Garia, Kolkata"
Kashi Bose Lane,"5/1 Kashi Bose Ln Manicktala, Kolkata"
Kashi Bose Lane Sarbojanin,North Kolkata
Kendua Shanti Sangha,South Kolkata
Kestopur Prafulla Kanan Paschim Adhibasi Brinda,"Kestopur, Kolkata"
Khelat Ghose er Durga Pujo,"47 Pathuriaghata St, Kolkata 700006"
Khidderpore 25 Pally,"Khidderpore, Kolkata"
Khidderpore 26 Pally,"Khidderpore, Kolkata"
Khidderpore 74 Pally,"Khidderpore, Kolkata"
Khidderpore 75 Pally,"Khidderpore, Kolkata"
Khidderpore Jubok Sangha,"Khidderpore, Kolkata"
Khidderpore Nabarag,"Khidderpore, Kolkata"
Khidderpore Nabarag Saradotsav,"30A, Kidderpore, Kolkata"
Khidderpore Palli Saradiya,"16A Hem Chandra St, Kolkata"
Khidderpore Pally Saradiya,"Khidderpore, Kolkata"
Khidderpore Sarbojanin,"Mansatala Row, Kolkata"
Khidderpore Shibtala Amar Sangha,"Khidderpore, Kolkata"
Khidirpur Jubogosthi,"Khidderpore, Kolkata"
Kidderpore Milan Sangha Club,"Khidderpore, Kolkata"
Kidderpore Sarbojonin Durgotsab,"Khidderpore, Kolkata"
Kolahal Gosthi Club,"Chetla, Kolkata"
Kumartuli Park,"8B Abhay Mitra St Kumartuli, Kolkata"
Kumartuli Park Sarbojanin Durgotsab,North Kolkata
Kumortuli Sarbojonin Durgotsab,"Shobhabazar, Kolkata"
Laha Bari Puja,"Maniktala, Kolkata"
Lake Town Adhibasi Brinda,"Lake Town, Kolkata"
Lalabagan Nabankur Sangha,"Maniktala, Kolkata"
Lalabagan Sarbojanin Durgotsab,"Maniktala, Kolkata"
Machua Bazar Sarbojanik Durgapuja Samity,"Machuabazar, Kolkata"
Maddox Square,South Kolkata
Madhya Garfa Sarbojanin Durgotsab Puja Committee,"Garfa, Kolkata"
Madhya Kolkata Uttoran,"Sealdah, Kolkata"
Mahalla Sarbojanin Durgautsab Samity,"Shobhabazar, Kolkata"
Mahamayatala East Milani Durga Puja,"Garia, Kolkata"
Mahendra Srimani Family's Durga Puja,"Machuabazar, Kolkata"
Maitry Sangha Durga Puja Committee,"Shobhabazar, Kolkata"
Mallick Bari Durga Puja,"Bhawanipore, Kolkata"
Maniktala Chaltabagan Lohapatty,Central Kolkata
Maniktala Saha Bari Durga Puja,"Maniktala, Kolkata"
Master Da Smriti Sangha Club,"Kestopur, Kolkata"
Matri Mandir,"22 Bipin Pal Rd Manoharpukur, Kolkata"
Md. Ali Park,"Chittaranjan Ave College Square, Kolkata"
Milan Mandir,"Behala, Kolkata"
Milan Sangha Club,"Lake Town, Kolkata"
Milanpally Durga Puja,"ally, Siliguri"
Mitra Bari Durga Puja,"Bhawanipore, Kolkata"
Mitra Sangha Behala,"Behala, Kolkata"
Mohan Bagan Lane Sarbojonin Durga pujo,"Shyambazar, Kolkata"
Mohun Bagan Barwari,"Shyambazar, Kolkata"
Motilal Seal Bari,"Sealdah, Kolkata"
Mudiali Club,"37 SR Das Rd Mudiali, Kolkata"
Muhammad Ali Park,"Sealdah, Kolkata"
Mukul Sangha Behala,"Behala, Kolkata"
Mukundapur Sarbojanin,"Mukundapur, Kolkata"
N.S.C. Sports Club,"Regent Estate, Kolkata"
Naba Baghbazar Sarbajanin Durga Puja,"Bagbazar, Kolkata"
Naba Durga,"Garia Place, Kolkata"
Nabajyoti Sangha,"Garfa, Kolkata"
Nabapally Khelarmath Durga Puja Committee,"Behala, Kolkata"
Nabin Sarkar St Sarbojanin,"35/1A, Bagbazar St, Bidhan Sarani, Baghbazar, Kolkata"
Nabin Sathi Club,"Ustad Amir Ali Khan Sarani Haridevpur, Kolkata"
Naktala Arabinda Nagar Sarbojanin Durgotsab,"Naktala, Kolkata"
Naktala Arabinda Sangha,"Naktala, Kolkata"
Naktala Pally Mangal Samiti,"Naktala, Kolkata"
Naktala Pally Unnayan Samity,"Naktala, Kolkata"
Naktala Sammilani Club,"Naktala, Kolkata"
Naktala Sammilani Club Padma-Shree,"19 Naktala Rd Keya Bagan, Kolkata"
Naktala Udayan Sangha,South Kolkata
Nalin Sarkar Street,"Nalin Sarkar St, Sovabazar, Hati Bagan, Kolkata"
Nalin Sarkar Street Durga Puja,North Kolkata
Nandana Yuba Sangha,"47 Nandana Park Behala, Kolkata"
Nandana Yuba Sangha Club,"Behala, Kolkata"
Narasimha Dawn Bari,"Jorasanko, Kolkata"
Naskarpur Sarbojanin Durgotsav,"Behala, Kolkata"
Natunpally Pradeep Sangha,"Lake Town, Kolkata"
Nawpara Dadabhai Sangha,"79, AK Mukherjee Rd, Noapara, Palpara, Baranagar, Kolkata"
Nayer Pally Sealdah Sarbojanin Durga Puja,"Machuabazar, Kolkata"
Netaji Jatiya Sebadal,"Jadavpur, Kolkata"
Netaji Sporting Club Durga Puja,"Lake Town, Kolkata"
New Alipore Sarbojanin Durgotsav,"New Alipore, Kolkata"
New Alipur Hindusthan Club,"New Alipur, Kolkata"
New Santoshpur Adi Durgotsab,"Santoshpur, Kolkata"
New Town Sarbojanin (BG Block),"BG Block, Action Area 1, Newtown, Kolkata"
Newtown Sarbojanin Durgotsav,"New Town, Kolkata"
Nigampally Unnayan Samity Hakimpara,"ara, Siliguri"
Nimtala Sarbojanin,"16B Nimtala Ln Ahiritola, Kolkata"
Nimtala Sarbojanin Durga Puja,"Ahiti, Kolkata"
Nirvik Sangha,"Baguiati, Kolkata"
North Tridhara Durga Puja,"Shyambazar, Kolkata"
Paddapukur Youth Association,"Padmapukur, Kolkata"
Padmapukur Barowari Samiti,"Padmapukur, Kolkata"
Padmapukur Barwari,"47A, Paddapukur Ln, Chakraberia, Kolkata"
Paikpara 15 Palli,"Gangulipara Paikpara, Kolkata"
Paikpara Sarbojanin Durgatsav Samity,"Paikpara, Kolkata"
Palli Asar Sporting Club,"New Alipore, Kolkata"
Pallibasi Durgotsab Committee,"Machuabazar, Kolkata"
Pallir Yubak Brinda,"Sealdah, Kolkata"
Pally Bashi Brindo,"LIG Housing, Dutta Bagan, Paikpara, Kolkata"
Pally Unnayan Samity,"Paschim Putiary, Kolkata"
Park Circus Beniapukur United Puja Committee,"Park Circus, Kolkata"
Parnasree Chata Park,"Behala, Kolkata"
Parnasree Club Durga Puja,"Behala, Kolkata"
Paschim Putiary Unnayani Sangha,"Paschim Putiary, Kolkata"
Pataldanga Basu Mullick Family Durgapujo,"Sealdah, Kolkata"
Pathuria Ghata 5 ER Pally,"Malapara Santoshpur Jorabagan, Kolkata"
Pathuriaghata Pancher Pally Sarbojonin Durgotsab,"Jorabagan, Kolkata"
Pathuriaghata Rajbari,"Jorabagan, Kolkata"
Patipukur Basakbagan Swastik Sangha,"Patipukur, Kolkata"
Patipukur Bidhan Pally Netaji Sangha,"Patipukur, Kolkata"
Patuli Central Club,"Patuli, Kolkata"
Patuli Ghoshpara Sarbojanin Durga Puja,"Patuli, Kolkata"
Peyarabagan Sarbojanin Durgotsav,"Bhowanipore, Kolkata"
Phalguni Sangha,"Ekdalia, Ballygunge, Kolkata"
Picnic Sebayet Samity,"Picnic Garden, Kolkata"
Poddarnagar Sarbojanin Durgotsav,"Jadavpur, Kolkata"
Purba Barisha Shitalatala Kishore Sangha,"Behala, Kolkata"
Purbachal Amra Sabai Club,"Purbachal, Kolkata"
Purbachal Shakti Sangha,"Purbachal, Kolkata"
Purbanchal Prabhati Sangha Durga Puja,"Tangra, Kolkata"
Purna Chandra Dhar Bari,"Sealdah, Kolkata"
Putiary Club,"Paschim Putiary, Kolkata"
Rabindra Kanan,"329 Rabindra Sarani Ahiritola, Kolkata"
Rabindra Kanan Sarbojanin Durgotsab,"Girish Park, Kolkata"
Rabindra Sangha Hakimpara Durga Puja,"ara, Siliguri"
Railpukur United Club,"Patipukur, Kolkata"
Raipur Club Durga Puja,"Garia, Kolkata"
Raja Subodh Mallick Square Park Sarbojanin Durgotsav,"Sealdah, Kolkata"
Rajdanga,"Rajdanga Chakraborty Para, Kolkata"
Rajdanga Naba Uday Sangha,"Kasba, Kolkata"
Rajpur Sonarpu Sarbojanin Durgotsav,"Rajpur Sonarpur, Kolkata"
Ramchandrapur Tarun Sangha,"Rajpur Sonarpur, Kolkata"
RAMDULAL NIBAS er Durga Pujo,"67E Beadon St, Kolkata 700006"
Ramdulal Sarkar Street,"Girish Park, Kolkata"
Ramesh Dutta Street Sarbojanin,"Girish Park, Kolkata"
Ramgopal Saha House Durga Pujo,"Sealdah, Kolkata"
Rammohan Sammilani,"Machuabazar, Kolkata"
Rani Rashmoni er Durga Pujo,"13 Rani Rashmoni Rd, Janbazar, Kolkata 700013"
Rani Rashmoni Family's Durga Puja,"Sealdah, Kolkata"
Roychoudhury Barir Durga Pujo,"26 Sabarna Para Rd, Barisha, Kolkata 700008"
Rupchand Mukherjee Lane Sarbojanin Durgotsav,"Bhawanipore, Kolkata"
Sabarna Roy Choudhury Paribar Parishad,"Behala, Kolkata"
Sabeda Bagan Club,"Behala, Kolkata"
Sahapur Mitali Sangha,"Behala, Kolkata"
Sahapur Panchabatitala Sammilani Club,"Behala, Kolkata"
Salkia 61 Pally Sarbojanin Durga Puja,Salkia
Salkia Agradut Sangha,"Salkia, Howrah, West Bengal, India"
Salkia Alapani Club,"1, Tripura Roy Lane Babudanga, Babudanga, Golabari, Bandhaghat, Mali Panchghara, Howrah, West Benga"
Salkia Balak Sangha,"J82R+99M, Bibi Bagan Ln, Salkia, Howrah, West Bengal 711106, India"
Salkia Baroari Durgotsav,Salkia
Salkia Chatra Bayam Samity Sarbojanin,Salkia
Salkia Durga Dal,"Salkia, Howrah, West Bengal, India"
Salkia Sadharan Durga Puja,Salkia
Salkia Sitalatala Sarbojanin Durgotsab,Salkia
Salt Lake AK Block,"AK Block, Sector 2, Bidhannagar, Kolkata"
Salt Lake BJ Block,North-East Kolkata
Salt Lake FD Block,"FD Block, Sector 3, Bidhannagar, Kolkata"
Samajsebi,"24a Lake View Rd Kalighat, Kolkata"
Sammilita Malapara Sarbojanin Durgotsab,"Jorabagan, Kolkata"
Sanatan Dharmotsahini Sabha Bhowanipore,"Bhowanipore, Kolkata"
Santi Doot Sangha,"Behala, Kolkata"
Santosh Mitra Square,Central Kolkata
Sarbodaya Sammilani Durgapuja,"Dumdum, Kolkata"
Sarkar Bagan Adhibasi Brinda Durgotsav Samity,"Tala, Kolkata"
Sarkar Bagan Sammilita Sangha,"Tala, Kolkata"
Sarodia Sammilani,"Gariahat, Kolkata"
Sealdah Athletic Club,"Kaiser St Sealdah, Kolkata"
Sealdah Railway Athletic Club,"Sealdah, Kolkata"
Selimpur Pally,"110, Selimpur Rd, Dhakuria, Selimpur, Kolkata"
Serampore Udbodhan Durga Puja,Serampore
Shakuntala Park Netaji Sangha,"Behala, Kolkata"
Shimla Sporting Club,"Sealdah, Kolkata"
Shyam Square,"Bidhan Sarani Shyam Bazar, Kolkata"
Shyam Square Sarbojanin Durgotsab,"Shyambazar, Kolkata"
Shyama Pally Shyama Sangha Durga Puja,"Jadavpur, Kolkata"
Shyambazar Friends Union Puja Committee,"Shyambazar, Kolkata"
Shyambazar Palli Sangha,"Shyambazar, Kolkata"
Shyampukur Adi Sarbojanin Durgotsab Committee,"Shyambazar, Kolkata"
Shyampukur Sanghatirtha Durga Puja Samity,"Shyambazar, Kolkata"
Sikdar Bagan Durga Puja,"Shyambazar, Kolkata"
Sikdar Bagan Sadharan,"1, Sikdar Bagan St, Sovabazar, Hati Bagan, Kolkata"
Simla Bayam Samiti,"9B Simla Machuabazar, Kolkata"
Simla Byayam Samity,"Sealdah, Kolkata"
Singhi Park Sarbojanin,"18/33 Dover Ln Ballygunge, Kolkata"
Sinthee Sarbojainin,"15B Roy Para Sinthee, Kolkata"
Sitalatala Sanghashree Club Sarbojonin,"Behala, Kolkata"
Sodepur Pragati Sangha (Haridevpur),"Haridevpur, Kolkata"
Sovabazar 20 Palli Beniatola,"Beniatola St Sovabazar, Kolkata"
Sovabazar Burtolla Sarbojanin Durgotsav Samity,"Shobhabazar, Kolkata"
Sovabazar Rajbari,"Shobhabazar, Kolkata"
Sovabazar Rajbarir Durga Pujo,"36 & 33 Raja Nabakrishna St, Sovabazar, Kolkata 700005"
Sovabazar Sandhani,"Shobhabazar, Kolkata"
Sovabazar Sarbojanin,"Shobhabazar, Kolkata"
Sree Bhumi Sporting Club,"Lake Town, Kolkata"
Srimani Barir Durga Pujo,"17 Mahendra Srimani St (Sukea St), Kolkata 700009"
Suruchi Sangha,South Kolkata
Surya Sangha,"Garfa, Kolkata"
Suryanagar Sarbojonin Durga Pujo,"Rajpur Sonarpur, Kolkata"
Tala Barowari Durga Puja,North Kolkata
Tala Dakshin Pally Sadharan Durgatsab,"Tala, Kolkata"
Tala Palli Sadharan Durgotsab Samity,"Tala, Kolkata"
Tala Park,"Tala Park Rd Tala, Kolkata"
Tala Prattoy Durga Puja,"Tala, Kolkata"
Taltala Children's Park (14 Palli),"Doctor Ln Ripon Street, Kolkata"
Taltala Sarbojanin Durgotsav,"Sealdah, Kolkata"
Taltala Sarbojanin Lord Para,"3 Durga Charan Doctor Rd Maula Ali, Kolkata"
Tangra Gholpara Durga Puja,"Tangra, Kolkata"
Tangra Hari Sabha Math Durga Puja,"Tangra, Kolkata"
Tarun Dal Park,"Paschim Putiary, Kolkata"
Tarun Sangha Hakimpara Durga Puja,"ara, Siliguri"
Tarun Sporting Club,"Girish Park, Kolkata"
Telenga Bagan,"65 Adhar Chandra Das Ln Ultadanga, Kolkata"
Thakurpukur State Bank Park,"Thakurpukur, Kolkata"
Thanthania Dutta Bari,"Sealdah, Kolkata"
Thanthania Mahajati Shakti Sangha,"Sealdah, Kolkata"
Tiljala Yubak Brinda,"Tiljala, Kolkata"
Tricone Park,"Kalighat, Kolkata"
Tridhara Sammilani,"107 Manoharpukur Kalighat, Kolkata"
Trikon Park,"South Rd Santoshpur, Kolkata"
Uday Sangha,"32B, D.N. Ghosh Road, Bhowanipore, Kolkata"
Udayan,"Hem Chandra St Andaman Dock, Kolkata"
Udayan Kidderpore,"Khidderpore, Kolkata"
Udayan Pally,"Diamond Harbour Rd Barisha, Kolkata"
Udayan Sangha,"Kalikapur, Kolkata"
Uddipani Club,"Park Circus, Kolkata"
United Club,"103, Ultadanga Main Road, Ultadanga, Kolkata"
Upanagari Sporting Club Ground,"Patuli, Kolkata"
Uttar Salkia Sarbojanin Durgotsab,Salkia
"Uttarayan Club, Ladies Park","Tala, Kolkata"
Venus Club,"Khidderpore, Kolkata"
Vivekananda Club Hakimpara Durga Puja,"ara, Siliguri"
Vivekananda Milan Sangha,"Baghajatin, Kolkata"
Vivekananda Park Athletic Club,"Haridevpur, Kolkata"
Vivekananda Sarbojanin Durgotsav,"Maniktala, Kolkata"
Vivekananda Sarbojonin Durgatsob Committee,"Maniktala, Kolkata"
Vivekananda Sporting,"66/A Vivekananda Park Paschim Putiary, Kolkata"
Vivekananda Sporting Club,"Sealdah, Kolkata"
Wellington Nagarik Kalyan Samity,"Sealdah, Kolkata"
Y.M.A. Club Babupara Durga Puja,"ra, Siliguri"
Young Boys Club,"17 Tarachand Dutta St Kolutolla, Kolkata"
Young Men's Sporting Association,"Machuabazar, Kolkata"
